-- MySQL dump 10.13  Distrib 8.0.17, for Win64 (x86_64)
--
-- Host: localhost    Database: weatherconditions
-- ------------------------------------------------------
-- Server version	8.0.17

/*!40101 SET @OLD_CHARACTER_SET_CLIENT=@@CHARACTER_SET_CLIENT */;
/*!40101 SET @OLD_CHARACTER_SET_RESULTS=@@CHARACTER_SET_RESULTS */;
/*!40101 SET @OLD_COLLATION_CONNECTION=@@COLLATION_CONNECTION */;
/*!50503 SET NAMES utf8mb4 */;
/*!40103 SET @OLD_TIME_ZONE=@@TIME_ZONE */;
/*!40103 SET TIME_ZONE='+00:00' */;
/*!40014 SET @OLD_UNIQUE_CHECKS=@@UNIQUE_CHECKS, UNIQUE_CHECKS=0 */;
/*!40014 SET @OLD_FOREIGN_KEY_CHECKS=@@FOREIGN_KEY_CHECKS, FOREIGN_KEY_CHECKS=0 */;
/*!40101 SET @OLD_SQL_MODE=@@SQL_MODE, SQL_MODE='NO_AUTO_VALUE_ON_ZERO' */;
/*!40111 SET @OLD_SQL_NOTES=@@SQL_NOTES, SQL_NOTES=0 */;

--
-- Table structure for table `cityid`
--

DROP TABLE IF EXISTS `cityid`;
/*!40101 SET @saved_cs_client     = @@character_set_client */;
/*!50503 SET character_set_client = utf8mb4 */;
CREATE TABLE `cityid` (
  `adcode` char(10) DEFAULT NULL,
  `city` char(20) DEFAULT NULL
) ENGINE=InnoDB DEFAULT CHARSET=utf8;
/*!40101 SET character_set_client = @saved_cs_client */;

--
-- Dumping data for table `cityid`
--

LOCK TABLES `cityid` WRITE;
/*!40000 ALTER TABLE `cityid` DISABLE KEYS */;
INSERT INTO `cityid` VALUES ('110000','北京市'),('120000','天津市'),('130000','河北省'),('140000','山西省'),('210000','辽宁省'),('220000','吉林省'),('230000','黑龙江省'),('310000','上海市'),('320000','江苏省'),('330000','浙江省'),('340000','安徽省'),('350000','福建省'),('360000','江西省'),('370000','山东省'),('410000','河南省'),('420000','湖北省'),('430000','湖南省'),('440000','广东省'),('460000','海南省'),('500000','重庆市'),('510000','四川省'),('520000','贵州省'),('530000','云南省'),('610000','陕西省'),('620000','甘肃省'),('630000','青海省'),('710000','台湾省');
/*!40000 ALTER TABLE `cityid` ENABLE KEYS */;
UNLOCK TABLES;

--
-- Table structure for table `daywea`
--

DROP TABLE IF EXISTS `daywea`;
/*!40101 SET @saved_cs_client     = @@character_set_client */;
/*!50503 SET character_set_client = utf8mb4 */;
CREATE TABLE `daywea` (
  `adcode` char(10) DEFAULT NULL,
  `dates` char(25) DEFAULT NULL,
  `week` char(10) DEFAULT NULL,
  `dayweather` char(20) DEFAULT NULL,
  `daytemp` char(10) DEFAULT NULL,
  `daywind` char(10) DEFAULT NULL,
  `daypower` char(10) DEFAULT NULL
) ENGINE=InnoDB DEFAULT CHARSET=utf8;
/*!40101 SET character_set_client = @saved_cs_client */;

--
-- Dumping data for table `daywea`
--

LOCK TABLES `daywea` WRITE;
/*!40000 ALTER TABLE `daywea` DISABLE KEYS */;
INSERT INTO `daywea` VALUES ('110000','2020-01-06','1','多云','3','西北','≤3'),('110000','2020-01-07','2','多云','4','北','≤3'),('110000','2020-01-08','3','晴','5','北','≤3'),('110000','2020-01-09','4','多云','3','西','≤3'),('120000','2020-01-06','1','阴','4','北','≤3'),('120000','2020-01-07','2','多云','3','东北','5'),('120000','2020-01-08','3','晴','3','北','4'),('120000','2020-01-09','4','多云','4','西南','≤3'),('130000','2020-01-06','1','阴','2','北','≤3'),('130000','2020-01-07','2','小雪','2','东北','≤3'),('130000','2020-01-08','3','晴','3','南','≤3'),('130000','2020-01-09','4','多云','3','南','≤3'),('140000','2020-01-06','1','多云','4','东','≤3'),('140000','2020-01-07','2','小雪','1','东北','≤3'),('140000','2020-01-08','3','多云','3','西南','≤3'),('140000','2020-01-09','4','阴','5','南','≤3'),('210000','2020-01-06','1','阵雪','2','南','4'),('210000','2020-01-07','2','多云','-7','北','5'),('210000','2020-01-08','3','多云','-7','北','4'),('210000','2020-01-09','4','晴','-3','南','≤3'),('220000','2020-01-06','1','小雪','-1','西南','≤3'),('220000','2020-01-07','2','多云','-9','西北','≤3'),('220000','2020-01-08','3','阵雪','-9','西北','≤3'),('220000','2020-01-09','4','晴','-6','西南','≤3'),('230000','2020-01-06','1','中雪','-5','南','≤3'),('230000','2020-01-07','2','小雪','-7','西南','≤3'),('230000','2020-01-08','3','晴','-12','西北','≤3'),('230000','2020-01-09','4','晴','-11','东北','≤3'),('310000','2020-01-06','1','多云','21','南','4'),('310000','2020-01-07','2','小雨','21','西','6'),('310000','2020-01-08','3','多云','8','西北','5'),('310000','2020-01-09','4','小雨','9','北','≤3'),('320000','2020-01-06','1','小雨','12','西北','≤3'),('320000','2020-01-07','2','小雨','8','西北','4'),('320000','2020-01-08','3','晴','6','北','≤3'),('320000','2020-01-09','4','小雨','6','东','≤3'),('330000','2020-01-06','1','多云','23','西','4'),('330000','2020-01-07','2','小雨','22','西','7'),('330000','2020-01-08','3','多云','11','西','6'),('330000','2020-01-09','4','阴','9','东','6'),('340000','2020-01-06','1','小雨','8','西北','4'),('340000','2020-01-07','2','小雨','6','西北','4'),('340000','2020-01-08','3','多云','5','东北','≤3'),('340000','2020-01-09','4','小雪','5','东','≤3'),('350000','2020-01-06','1','多云','25','无风向','≤3'),('350000','2020-01-07','2','多云','26','西北','4'),('350000','2020-01-08','3','晴','21','东南','4'),('350000','2020-01-09','4','多云','18','无风向','≤3'),('360000','2020-01-06','1','多云','22','西南','≤3'),('360000','2020-01-07','2','小雨','14','北','5'),('360000','2020-01-08','3','晴','11','东北','4'),('360000','2020-01-09','4','阴','11','北','4'),('370000','2020-01-06','1','小雨','4','北','4'),('370000','2020-01-07','2','大雪','1','北','5'),('370000','2020-01-08','3','晴','-2','北','≤3'),('370000','2020-01-09','4','多云','1','南','≤3'),('410000','2020-01-06','1','雨夹雪','3','北','≤3'),('410000','2020-01-07','2','中雪','2','北','4'),('410000','2020-01-08','3','多云','2','东南','≤3'),('410000','2020-01-09','4','多云','1','东','≤3'),('420000','2020-01-06','1','小雨','8','北','4'),('420000','2020-01-07','2','多云','8','西北','5'),('420000','2020-01-08','3','多云','8','东北','≤3'),('420000','2020-01-09','4','小雨','6','东北','≤3'),('430000','2020-01-06','1','阴','13','西北','≤3'),('430000','2020-01-07','2','多云','11','西北','4'),('430000','2020-01-08','3','多云','12','北','≤3'),('430000','2020-01-09','4','小雨','10','北','≤3'),('440000','2020-01-06','1','阴','25','无风向','≤3'),('440000','2020-01-07','2','多云','26','无风向','≤3'),('440000','2020-01-08','3','多云','24','东北','4'),('440000','2020-01-09','4','多云','24','东南','4'),('460000','2020-01-06','1','多云','26','无风向','≤3'),('460000','2020-01-07','2','多云','26','无风向','≤3'),('460000','2020-01-08','3','多云','24','东北','4'),('460000','2020-01-09','4','多云','25','无风向','≤3'),('500000','2020-01-06','1','小雨','10','北','≤3'),('500000','2020-01-07','2','多云','14','东','≤3'),('500000','2020-01-08','3','阴','10','东北','≤3'),('500000','2020-01-09','4','多云','13','北','≤3'),('510000','2020-01-06','1','小雨','10','无风向','≤3'),('510000','2020-01-07','2','多云','12','无风向','≤3'),('510000','2020-01-08','3','阴','11','无风向','≤3'),('510000','2020-01-09','4','小雨','9','无风向','≤3'),('520000','2020-01-06','1','阵雨','19','南','5'),('520000','2020-01-07','2','多云','17','北','≤3'),('520000','2020-01-08','3','晴','13','北','≤3'),('520000','2020-01-09','4','小雨','11','东南','≤3'),('530000','2020-01-06','1','阵雨','16','西南','4'),('530000','2020-01-07','2','晴','17','无风向','≤3'),('530000','2020-01-08','3','多云','18','西南','4'),('530000','2020-01-09','4','晴','19','西南','4'),('610000','2020-01-06','1','雨夹雪','3','西南','≤3'),('610000','2020-01-07','2','多云','6','西','4'),('610000','2020-01-08','3','阴','2','西南','≤3'),('610000','2020-01-09','4','阴','5','东','≤3'),('620000','2020-01-06','1','小雪','2','东','≤3'),('620000','2020-01-07','2','晴','7','南','≤3'),('620000','2020-01-08','3','多云','5','东北','≤3'),('620000','2020-01-09','4','阴','3','东','≤3'),('630000','2020-01-06','1','小雪','-2','无风向','≤3'),('630000','2020-01-07','2','晴','2','无风向','≤3'),('630000','2020-01-08','3','多云','2','无风向','≤3'),('630000','2020-01-09','4','晴','0','西南','≤3'),('710000','2020-01-06','1','多云','23','无风向','≤3'),('710000','2020-01-07','2','多云','21','西','4'),('710000','2020-01-08','3','多云','18','东北','5'),('710000','2020-01-09','4','多云','20','东','5');
/*!40000 ALTER TABLE `daywea` ENABLE KEYS */;
UNLOCK TABLES;

--
-- Table structure for table `livewea`
--

DROP TABLE IF EXISTS `livewea`;
/*!40101 SET @saved_cs_client     = @@character_set_client */;
/*!50503 SET character_set_client = utf8mb4 */;
CREATE TABLE `livewea` (
  `adcode` char(10) DEFAULT NULL,
  `weather` char(20) DEFAULT NULL,
  `temperature` char(10) DEFAULT NULL,
  `winddirection` char(10) DEFAULT NULL,
  `windpower` char(10) DEFAULT NULL,
  `humidity` char(10) DEFAULT NULL,
  `reporttime` char(25) DEFAULT NULL
) ENGINE=InnoDB DEFAULT CHARSET=utf8;
/*!40101 SET character_set_client = @saved_cs_client */;

--
-- Dumping data for table `livewea`
--

LOCK TABLES `livewea` WRITE;
/*!40000 ALTER TABLE `livewea` DISABLE KEYS */;
INSERT INTO `livewea` VALUES ('110000','多云','2','东北','≤3','77','2020-01-06 16:04:49'),('120000','阴','0','北','≤3','96','2020-01-06 16:03:40'),('130000','阴','1','北','≤3','74','2020-01-06 16:01:20'),('140000','多云','1','西南','≤3','74','2020-01-06 16:04:19'),('210000','阴','0','东','≤3','77','2020-01-06 15:55:07'),('220000','阴','-1','东南','≤3','57','2020-01-06 16:03:23'),('230000','多云','-7','东','≤3','74','2020-01-06 15:53:37'),('310000','多云','21','西','≤3','65','2020-01-06 15:56:36'),('320000','阴','12','西北','≤3','97','2020-01-06 15:56:10'),('330000','多云','24','南','≤3','51','2020-01-06 16:00:56'),('340000','雨','5','西北','≤3','99','2020-01-06 15:58:01'),('350000','多云','24','东南','≤3','53','2020-01-06 15:58:30'),('360000','多云','24','东南','≤3','52','2020-01-06 16:00:29'),('370000','阴','1','东北','≤3','98','2020-01-06 15:55:34'),('410000','雨夹雪','2','西北','≤3','99','2020-01-06 15:52:29'),('420000','阴','5','东北','≤3','96','2020-01-06 15:54:39'),('430000','阴','9','西','≤3','91','2020-01-06 15:58:52'),('440000','阴','24','西南','≤3','61','2020-01-06 15:51:54'),('460000','多云','25','东北','≤3','78','2020-01-06 15:59:25'),('500000','雨','10','西北','≤3','87','2020-01-06 15:57:32'),('510000','阴','11','东北','≤3','60','2020-01-06 16:02:33'),('520000','阴','15','南','≤3','87','2020-01-06 15:57:09'),('530000','阴','15','西','≤3','59','2020-01-06 16:03:44'),('610000','阴','4','西北','≤3','90','2020-01-06 15:56:41'),('620000','多云','-1','北','≤3','56','2020-01-06 16:02:09'),('630000','多云','-1','东','≤3','58','2020-01-06 15:59:32'),('710000','晴','20','东北','≤3','77','2020-01-06 16:02:09');
/*!40000 ALTER TABLE `livewea` ENABLE KEYS */;
UNLOCK TABLES;

--
-- Table structure for table `nightwea`
--

DROP TABLE IF EXISTS `nightwea`;
/*!40101 SET @saved_cs_client     = @@character_set_client */;
/*!50503 SET character_set_client = utf8mb4 */;
CREATE TABLE `nightwea` (
  `adcode` char(10) DEFAULT NULL,
  `dates` char(25) DEFAULT NULL,
  `week` char(10) DEFAULT NULL,
  `nightweather` char(20) DEFAULT NULL,
  `nighttemp` char(10) DEFAULT NULL,
  `nightwind` char(10) DEFAULT NULL,
  `nightpower` char(10) DEFAULT NULL
) ENGINE=InnoDB DEFAULT CHARSET=utf8;
/*!40101 SET character_set_client = @saved_cs_client */;

--
-- Dumping data for table `nightwea`
--

LOCK TABLES `nightwea` WRITE;
/*!40000 ALTER TABLE `nightwea` DISABLE KEYS */;
INSERT INTO `nightwea` VALUES ('110000','2020-01-06','1','多云','-2','西北','≤3'),('110000','2020-01-07','2','多云','-3','北','≤3'),('110000','2020-01-08','3','晴','-7','北','≤3'),('110000','2020-01-09','4','多云','-6','西','≤3'),('120000','2020-01-06','1','多云','-1','北','≤3'),('120000','2020-01-07','2','晴','-4','东北','5'),('120000','2020-01-08','3','多云','-5','北','4'),('120000','2020-01-09','4','多云','-4','西南','≤3'),('130000','2020-01-06','1','小雪','-2','北','≤3'),('130000','2020-01-07','2','多云','-4','东北','≤3'),('130000','2020-01-08','3','晴','-6','南','≤3'),('130000','2020-01-09','4','多云','-5','南','≤3'),('140000','2020-01-06','1','小雪','-5','东','≤3'),('140000','2020-01-07','2','多云','-10','东北','≤3'),('140000','2020-01-08','3','多云','-10','西南','≤3'),('140000','2020-01-09','4','多云','-7','南','≤3'),('210000','2020-01-06','1','阵雪','-9','南','4'),('210000','2020-01-07','2','多云','-13','北','5'),('210000','2020-01-08','3','多云','-17','北','4'),('210000','2020-01-09','4','多云','-12','南','≤3'),('220000','2020-01-06','1','小雪','-13','西南','≤3'),('220000','2020-01-07','2','阵雪','-15','西北','≤3'),('220000','2020-01-08','3','多云','-16','西北','≤3'),('220000','2020-01-09','4','晴','-14','西南','≤3'),('230000','2020-01-06','1','中雪','-14','南','≤3'),('230000','2020-01-07','2','多云','-21','西南','≤3'),('230000','2020-01-08','3','晴','-25','西北','≤3'),('230000','2020-01-09','4','多云','-22','东北','≤3'),('310000','2020-01-06','1','多云','14','南','4'),('310000','2020-01-07','2','阴','5','西','6'),('310000','2020-01-08','3','阴','4','西北','5'),('310000','2020-01-09','4','小雨','7','北','≤3'),('320000','2020-01-06','1','小雨','6','西北','≤3'),('320000','2020-01-07','2','多云','1','西北','4'),('320000','2020-01-08','3','小雨','2','北','≤3'),('320000','2020-01-09','4','小雨','4','东','≤3'),('330000','2020-01-06','1','多云','11','西','4'),('330000','2020-01-07','2','多云','4','西','7'),('330000','2020-01-08','3','多云','2','西','6'),('330000','2020-01-09','4','阴','4','东','6'),('340000','2020-01-06','1','中雨','6','西北','4'),('340000','2020-01-07','2','多云','0','西北','4'),('340000','2020-01-08','3','小雨','1','东北','≤3'),('340000','2020-01-09','4','多云','1','东','≤3'),('350000','2020-01-06','1','多云','15','无风向','≤3'),('350000','2020-01-07','2','晴','11','西北','4'),('350000','2020-01-08','3','多云','10','东南','4'),('350000','2020-01-09','4','晴','10','无风向','≤3'),('360000','2020-01-06','1','小雨','11','西南','≤3'),('360000','2020-01-07','2','晴','4','北','5'),('360000','2020-01-08','3','晴','4','东北','4'),('360000','2020-01-09','4','阴','6','北','4'),('370000','2020-01-06','1','雨夹雪','0','北','4'),('370000','2020-01-07','2','阴','-9','北','5'),('370000','2020-01-08','3','晴','-10','北','≤3'),('370000','2020-01-09','4','多云','-10','南','≤3'),('410000','2020-01-06','1','大雪','0','北','≤3'),('410000','2020-01-07','2','阴','-5','北','4'),('410000','2020-01-08','3','多云','-4','东南','≤3'),('410000','2020-01-09','4','阴','-1','东','≤3'),('420000','2020-01-06','1','中雨','4','北','4'),('420000','2020-01-07','2','多云','0','西北','5'),('420000','2020-01-08','3','小雨','0','东北','≤3'),('420000','2020-01-09','4','小雨','2','东北','≤3'),('430000','2020-01-06','1','中雨','5','西北','≤3'),('430000','2020-01-07','2','多云','3','西北','4'),('430000','2020-01-08','3','多云','3','北','≤3'),('430000','2020-01-09','4','小雨','6','北','≤3'),('440000','2020-01-06','1','阴','19','无风向','≤3'),('440000','2020-01-07','2','多云','15','无风向','≤3'),('440000','2020-01-08','3','多云','13','东北','4'),('440000','2020-01-09','4','多云','15','东南','4'),('460000','2020-01-06','1','多云','20','无风向','≤3'),('460000','2020-01-07','2','多云','19','无风向','≤3'),('460000','2020-01-08','3','多云','19','东北','4'),('460000','2020-01-09','4','小雨','19','无风向','≤3'),('500000','2020-01-06','1','阴','7','北','≤3'),('500000','2020-01-07','2','阴','8','东','≤3'),('500000','2020-01-08','3','小雨','8','东北','≤3'),('500000','2020-01-09','4','多云','7','北','≤3'),('510000','2020-01-06','1','多云','4','无风向','≤3'),('510000','2020-01-07','2','多云','6','无风向','≤3'),('510000','2020-01-08','3','阴','6','无风向','≤3'),('510000','2020-01-09','4','小雨','5','无风向','≤3'),('520000','2020-01-06','1','中雨','5','南','5'),('520000','2020-01-07','2','多云','7','北','≤3'),('520000','2020-01-08','3','多云','7','北','≤3'),('520000','2020-01-09','4','小雨','6','东南','≤3'),('530000','2020-01-06','1','多云','2','西南','4'),('530000','2020-01-07','2','晴','5','无风向','≤3'),('530000','2020-01-08','3','多云','5','西南','4'),('530000','2020-01-09','4','晴','4','西南','4'),('610000','2020-01-06','1','雨夹雪','-1','西南','≤3'),('610000','2020-01-07','2','多云','-3','西','4'),('610000','2020-01-08','3','阴','-1','西南','≤3'),('610000','2020-01-09','4','阴','-1','东','≤3'),('620000','2020-01-06','1','多云','-8','东','≤3'),('620000','2020-01-07','2','晴','-6','南','≤3'),('620000','2020-01-08','3','多云','-5','东北','≤3'),('620000','2020-01-09','4','小雪','-4','东','≤3'),('630000','2020-01-06','1','晴','-12','无风向','≤3'),('630000','2020-01-07','2','多云','-12','无风向','≤3'),('630000','2020-01-08','3','多云','-9','无风向','≤3'),('630000','2020-01-09','4','阴','-8','西南','≤3'),('710000','2020-01-06','1','阴','18','无风向','≤3'),('710000','2020-01-07','2','多云','16','西','4'),('710000','2020-01-08','3','多云','14','东北','5'),('710000','2020-01-09','4','多云','15','东','5');
/*!40000 ALTER TABLE `nightwea` ENABLE KEYS */;
UNLOCK TABLES;
/*!40103 SET TIME_ZONE=@OLD_TIME_ZONE */;

/*!40101 SET SQL_MODE=@OLD_SQL_MODE */;
/*!40014 SET FOREIGN_KEY_CHECKS=@OLD_FOREIGN_KEY_CHECKS */;
/*!40014 SET UNIQUE_CHECKS=@OLD_UNIQUE_CHECKS */;
/*!40101 SET CHARACTER_SET_CLIENT=@OLD_CHARACTER_SET_CLIENT */;
/*!40101 SET CHARACTER_SET_RESULTS=@OLD_CHARACTER_SET_RESULTS */;
/*!40101 SET COLLATION_CONNECTION=@OLD_COLLATION_CONNECTION */;
/*!40111 SET SQL_NOTES=@OLD_SQL_NOTES */;

-- Dump completed on 2020-01-06 16:09:49
